NCAA NAME,TFRRS NAME
Abilene Christian University,Abilene Christian
Academy of Art University,Academy of Art
Adams State University,Adams State
Adelphi University,Adelphi
Adrian College,Adrian
Agnes Scott College,Agnes Scott
Alabama A&M University,Alabama A&M
Alabama State University,Alabama State
Albany State University (Georgia),Albany State
Albertus Magnus College,!NONE
Albion College,Albion
Albright College,Albright
Alcorn State University,Alcorn State
Alderson Broaddus University,Alderson Broaddus
Alfred State College,Alfred State
Alfred University,Alfred
Allegheny College,Allegheny
Allen University,Allen
Alliance University,Alliance
Alma College,Alma
Alvernia University,Alvernia
Alverno College,Alverno
American International College,American Int'l
American University,American
Amherst College,Amherst
Anderson University (Indiana),Anderson (Ind.)
Anderson University (South Carolina),Anderson (S.C.)
Angelo State University,Angelo State
Anna Maria College,Anna Maria
Appalachian State University,Appalachian State
Arcadia University,Arcadia
Arizona State University,Arizona State
Arkansas State University,Arkansas State
Arkansas Tech University,Arkansas Tech
Asbury University,Asbury
Ashland University,Ashland
Assumption University,Assumption
Auburn University,Auburn
Auburn University at Montgomery,Auburn Montgomery
Augsburg University,Augsburg
Augusta University,Augusta
Augustana College (Illinois),Augustana (Ill.)
Augustana University (South Dakota),Augustana (S.D.)
Aurora University,Aurora
Austin College,Austin College
Austin Peay State University,Austin Peay
Averett University,Averett
Azusa Pacific University,Azusa Pacific
Babson College,Babson
Baldwin Wallace University,Baldwin Wallace
Ball State University,Ball State
Bard College,Bard
Barry University,!NONE
Barton College,Barton
Baruch College,Baruch
Bates College,Bates
Baylor University,Baylor
Belhaven University,Belhaven
Bellarmine University,Bellarmine
Belmont Abbey College,Belmont Abbey
Belmont University,Belmont
Beloit College,Beloit
Bemidji State University,Bemidji State
Benedict College,Benedict
Benedictine University (Illinois),Benedictine (Ill.)
Bentley University,Bentley
Berea College,Berea
Berry College,Berry
Bethany College (West Virginia),Bethany (W.V.)
Bethany Lutheran College,Bethany Lutheran
Bethel University (Minnesota),Bethel (Minn.)
Bethune-Cookman University,Bethune-Cookman
Binghamton University,Binghamton
Biola University,Biola
Birmingham-Southern College,Birmingham-Southern
Black Hills State University,Black Hills St.
Blackburn College,Blackburn
Bloomfield College,Bloomfield
Bloomsburg University of Pennsylvania,Bloomsburg
Bluefield State University,Bluefield St.
Bluffton University,Bluffton
Bob Jones University,Bob Jones
Boise State University,Boise State
Boston College,Boston College
Boston University,Boston University
Bowdoin College,Bowdoin
Bowie State University,Bowie State
Bowling Green State University,Bowling Green
Bradley University,Bradley
Brandeis University,Brandeis
Brevard College,Brevard
Bridgewater College (Virginia),Bridgewater (Va.)
Bridgewater State University,Bridgewater St.
Brigham Young University,BYU
Brooklyn College,Brooklyn
Brown University,Brown
Bryant University,Bryant
Bryn Athyn College,Bryn Athyn
Bryn Mawr College,Bryn Mawr
Bucknell University,Bucknell
Buena Vista University,Buena Vista
"Buffalo State, State University of New York",Buffalo State
Butler University,Butler
Cabrini University,Cabrini
Cairn University,Cairn
Caldwell University,Caldwell
California Baptist University,CBU
California Institute of Technology,Caltech
California Lutheran University,Cal Lutheran
California Polytechnic State University,Cal Poly
"California State Polytechnic University, Humboldt",Cal Poly Humboldt
"California State Polytechnic University, Pomona",Cal Poly Pomona
"California State University, Bakersfield",CSU Bakersfield
"California State University, Chico",Chico State
"California State University, Dominguez Hills",Cal St. Dom. Hills
"California State University, East Bay",Cal St. East Bay
"California State University, Fresno",Fresno State
"California State University, Fullerton",Cal St. Fullerton
"California State University, Los Angeles",Cal St. Los Angeles
"California State University, Monterey Bay",Cal St. Monterey Bay
"California State University, Northridge",CSUN
"California State University, Sacramento",Sacramento St.
"California State University, San Bernardino",CSUSB
"California State University, San Marcos",Cal St. San Marcos
"California State University, Stanislaus",Stanislaus State
Calvin University,Calvin
Cameron University,Cameron
Campbell University,Campbell
Canisius College,Canisius
Capital University,Capital
Carleton College,Carleton
Carnegie Mellon University,Carnegie Mellon
Carroll University (Wisconsin),Carroll (Wis.)
Carson-Newman University,Carson-Newman
Carthage College,Carthage
Case Western Reserve University,Case Western
Castleton University,Castleton
Catawba College,Catawba
Catholic University,Catholic
Cazenovia College,Cazenovia
Cedar Crest College,Cedar Crest
Cedarville University,Cedarville
Centenary College (Louisiana),Centenary (La.)
Centenary University (New Jersey),Centenary (N.J.)
Central College (Iowa),Central College
Central Connecticut State University,Central Connecticut
Central Michigan University,Central Michigan
Central State University,Central State
Central Washington University,Central Washington
Centre College,Centre
Chadron State College,Chadron State
Chaminade University,Chaminade
Chapman University,Chapman
Charleston Southern University,Charleston Southern
Chatham University,Chatham
Chestnut Hill College,Chestnut Hill
Chicago State University,Chicago State
Chowan University,Chowan
Christian Brothers University,Christian Bros.
Christopher Newport University,Christopher Newport
Claflin University,Claflin
Claremont McKenna-Harvey Mudd-Scripps Colleges,Claremont-Mudd-Scripps
Clark Atlanta University,Clark Atlanta
Clark University (Massachusetts),Clarke
Clarks Summit University,Clarks Summit
Clarkson University,Clarkson University
Clayton State University,Clayton State
Clemson University,Clemson
Cleveland State University,Cleveland St.
Coastal Carolina University,Coastal Carolina
Coe College,Coe
Coker University,Coker
Colby College,Colby
Colby-Sawyer College,Colby-Sawyer
Colgate University,Colgate
College of Charleston (South Carolina),Col. of Charleston
College of Mount Saint Vincent,Mt. St. Vincent
College of Saint Benedict,St. Benedict
College of Staten Island,Staten Island
College of the Holy Cross,Holy Cross
Colorado Christian University,Colo. Christian
Colorado College,Colorado College
Colorado Mesa University,Colorado Mesa
Colorado School of Mines,Colo. Sch. of Mines
Colorado State University,Colorado St.
Colorado State University Pueblo,CSU-Pueblo
Columbia University-Barnard College,Columbia
Columbus State University,Columbus St.
Concord University,Concord
"Concordia College, Moorhead",Concordia-Moorhead
Concordia University Chicago,Concordia Univ. Chicago
Concordia University Irvine,CUI
Concordia University Texas,Concordia (Tex.)
Concordia University Wisconsin,Concordia (Wis.)
"Concordia University, St. Paul",Concordia-St. Paul
Connecticut College,Connecticut College
Converse University,Converse
Coppin State University,Coppin State
Cornell College,Cornell College
Cornell University,Cornell
Covenant College,Covenant
Creighton University,Creighton
Crown College (Minnesota),Crown
Curry College,Curry
D'Youville University,D'Youville
Daemen University,Daemen
Dallas Baptist University,Dallas Baptist
Dartmouth College,Dartmouth
Davenport University,Davenport
Davidson College,Davidson
Davis & Elkins College,Davis & Elkins
DePaul University,DePaul
DePauw University,DePauw
DeSales University,DeSales
Dean College,Dean (Mass.)
Defiance College,Defiance
Delaware State University,Delaware State
Delaware Valley University,Delaware Valley
Delta State University,Delta St.
Denison University,Denison
Dickinson College,Dickinson
Dominican University (Illinois),Dominican (Ill.)
Dominican University New York,Dominican (N.Y.)
Dominican University of California,Dominican (Cal.)
Drake University,Drake
Drew University,Drew
Drexel University,!NONE
Drury University,Drury
Duke University,Duke
Duquesne University,Duquesne
Earlham College,Earlham
East Carolina University,East Carolina
East Central University,East Central
East Stroudsburg University of Pennsylvania,East Stroudsburg
East Tennessee State University,East Tenn. St.
East Texas Baptist University,East Texas Baptist
Eastern Connecticut State University,Eastern Conn. St.
Eastern Illinois University,Eastern Illinois
Eastern Kentucky University,Eastern Kentucky
Eastern Mennonite University,Eastern Mennonite
Eastern Michigan University,Eastern Michigan
Eastern Nazarene College,Eastern Nazarene
Eastern New Mexico University,Eastern New Mexico
Eastern University,Eastern
Eastern Washington University,Eastern Washington
Eckerd College,Eckerd
Edgewood College,Edgewood
Edward Waters University,Edward Waters
Elizabeth City State University,Elizabeth City St.
Elizabethtown College,Elizabethtown
Elmhurst University,Elmhurst
Elmira College,Elmira
Elms College,Elms College
Elon University,Elon
Embry-Riddle Aeronautical University (Florida),Embry-Riddle
Emerson College,Emerson
Emmanuel College (Georgia),Emmanuel (Ga.)
Emmanuel College (Massachusetts),Emmanuel (Mass.)
Emory & Henry College,Emory & Henry
Emory University,Emory
Emporia State University,Emporia St.
Endicott College,Endicott
Erskine College,Erskine
Eureka College,Eureka
Fairfield University,Fairfield
"Fairleigh Dickinson University, Florham",FDU-Florham
"Fairleigh Dickinson University, Metropolitan Campus",Fairleigh Dickinson
Fairmont State University,Fairmont State University
Farmingdale State College,Farmingdale St.
Fayetteville State University,Fayetteville St.
Felician University,Felician
Ferris State University,Ferris State
Ferrum College,Ferrum
Finlandia University,Finlandia
Fitchburg State University,Fitchburg St.
Flagler College,Flagler
Florida A&M University,Florida A&M
Florida Atlantic University,Florida Atlantic
Florida Gulf Coast University,Florida Gulf Coast
Florida Institute of Technology,Florida Tech
Florida International University,FIU
Florida Southern College,Florida Southern
Florida State University,Florida State
Fontbonne University,Fontbonne
Fordham University,Fordham
Fort Hays State University,Fort Hays St.
Fort Lewis College,Fort Lewis
Fort Valley State University,Fort Valley State
Framingham State University,Framingham St.
Francis Marion University,Francis Marion
Franciscan University of Steubenville,Franciscan (Ohio)
Franklin & Marshall College,Franklin & Marshall
Franklin College,Franklin
Franklin Pierce University,Franklin Pierce
Fresno Pacific University,Fresno Pacific
Frostburg State University,Frostburg State
Furman University,Furman
Gallaudet University,Gallaudet
Gannon University,Gannon
Gardner-Webb University,Gardner-Webb
Geneva College,Geneva
George Fox University,George Fox
George Mason University,George Mason
George Washington University,George Washington
Georgetown University,Georgetown
Georgia College,Georgia College
Georgia Institute of Technology,Georgia Tech
Georgia Southern University,Georgia Southern
Georgia Southwestern State University,Georgia Southwestern
Georgia State University,Georgia State
Georgian Court University,Georgian Court
Gettysburg College,Gettysburg
Glenville State University,Glenville St.
Goldey-Beacom College,Goldey-Beacom
Gonzaga University,Gonzaga
Gordon College,Gordon
Goucher College,Goucher
Grambling State University,Grambling
Grand Canyon University,Grand Canyon
Grand Valley State University,Grand Valley St.
Greensboro College,Greensboro
Greenville University,Greenville
Grinnell College,Grinnell
Grove City College,Grove City
Guilford College,Guilford
Gustavus Adolphus College,Gustavus Adolphus
Gwynedd Mercy University,Gwynedd-Mercy
Hamilton College,Hamilton
Hamline University,Hamline
Hampden-Sydney College,Hampden-Sydney
Hampton University,Hampton
Hanover College,Hanover
Hardin-Simmons University,Hardin-Simmons
Harding University,Harding
Hartwick College,Hartwick
Harvard University,Harvard
Haverford College,Haverford
Hawaii Pacific University,Hawaii Pacific
Heidelberg University,Heidelberg
Henderson State University,Henderson St.
Hendrix College,Hendrix
High Point University,High Point
Hilbert College,Hilbert
Hillsdale College,Hillsdale
Hiram College,Hiram
Hobart and William Smith Colleges,William Smith
Hofstra University,Hofstra
Hollins University,Hollins
Holy Family University,Holy Family
Holy Names University,Holy Names
Hood College,Hood
Hope College,Hope
Houghton University,Houghton
Houston Christian University,Houston Christian
Howard Payne University,!NONE
Howard University,Howard
Hunter College,Hunter
Huntingdon College,Huntingdon
Husson University,Husson
Idaho State University,Idaho State
Illinois College,Illinois College
Illinois Institute of Technology,Illinois Tech
Illinois State University,Illinois State
Illinois Wesleyan University,Illinois Wesleyan
Immaculata University,Immaculata
Indiana State University,Indiana State
Indiana University of Pennsylvania,Indiana (Pa.)
"Indiana University, Bloomington",Indiana
Indiana University-Purdue University Indianapolis,IUPUI
Iona University,Iona
Iowa State University,Iowa State
Ithaca College,Ithaca
Jackson State University,Jackson State
Jacksonville State University,Jacksonville St.
Jacksonville University,Jacksonville
James Madison University,James Madison
John Carroll University,John Carroll
John Jay College of Criminal Justice,John Jay
Johns Hopkins University,Johns Hopkins
Johnson & Wales University (Providence),Johnson & Wales (N.C.)
Johnson C. Smith University,Johnson C. Smith
Juniata College,Juniata
Kalamazoo College,Kalamazoo
Kansas State University,Kansas State
Kean University,Kean
Keene State College,Keene State
Kennesaw State University,Kennesaw State
Kent State University,Kent State
Kentucky State University,Kentucky State
Kentucky Wesleyan College,Kentucky Wesleyan
Kenyon College,Kenyon
Keuka College,Keuka
Keystone College,Keystone
King University,King
King's College (Pennsylvania),King's (Pa.)
Knox College,Knox
Kutztown University of Pennsylvania,Kutztown
La Roche University,La Roche
La Salle University,La Salle
LaGrange College,LaGrange
Lafayette College,Lafayette
Lake Erie College,Lake Erie
Lake Forest College,Lake Forest
Lake Superior State University,Lake Superior State
Lakeland University,Lakeland
Lamar University,Lamar
Lancaster Bible College,Lancaster Bible
Lander University,Lander
Lane College,Lane
Lasell University,Lasell
Lawrence University,Lawrence
Le Moyne College,Le Moyne
LeMoyne-Owen College,LeMoyne-Owen
LeTourneau University,LeTourneau
Lebanon Valley College,Lebanon Valley
Lee University,Lee (Tenn.)
Lees-McRae College,Lees-McRae
Lehigh University,Lehigh
Lehman College,Lehman
Lenoir-Rhyne University,Lenoir-Rhyne
Lesley University,Lesley
Lewis & Clark College,Lewis & Clark
Lewis University,Lewis
Liberty University,Liberty
Limestone University,Limestone
Lincoln Memorial University,Lincoln Memorial
Lincoln University (Missouri),Lincoln (Mo.)
Lincoln University (Pennsylvania),Lincoln (Pa.)
Lindenwood University,Lindenwood
Linfield University,Linfield
Lipscomb University,Lipscomb
Livingstone College,Livingstone
Lock Haven University of Pennsylvania,Lock Haven
Long Beach State University,Long Beach St.
Long Island University,LIU
Longwood University,Longwood
Loras College,Loras
Louisiana State University,LSU
Louisiana Tech University,Louisiana Tech
Loyola Marymount University,Loyola Marymount Universi
Loyola University Chicago,Loyola (Ill.)
Loyola University Maryland,Loyola (Md.)
Lubbock Christian University,Lubbock Christian
Luther College,Luther College
Lycoming College,Lycoming
Lynn University,Lynn
Lyon College,Lyon
Macalester College,Macalester
Maine Maritime Academy,Maine Maritime
Malone University,Malone
Manchester University,Manchester
Manhattan College,Manhattan
Manhattanville College,Manhattanville
Mansfield University of Pennsylvania,Mansfield
Maranatha Baptist University,Maranatha Baptist University
Marian University (Wisconsin),Marian (Wis.)
Marietta College,Marietta
Marist College,Marist
Marquette University,Marquette
Mars Hill University,Mars Hill
Marshall University,Marshall
Martin Luther College,Martin Luther
Mary Baldwin University,Mary Baldwin
Marymount University (Virginia),Marymount (Va.)
Maryville College (Tennessee),Maryville (Tenn.)
Maryville University of Saint Louis,Maryville (Mo.)
Marywood University,Marywood
Massachusetts College of Liberal Arts,Mass. Liberal Arts
Massachusetts Institute of Technology,MIT
Massachusetts Maritime Academy,Mass. Maritime
McDaniel College,McDaniel
McKendree University,McKendree
McMurry University,McMurry
McNeese State University,McNeese State
Medaille University,Medaille
Medgar Evers College,Medgar Evers
Mercer University,Mercer
Mercy College,Mercy
Mercyhurst University,Mercyhurst
Meredith College,Meredith
Merrimack College,Merrimack
Messiah University,Messiah
Methodist University,Methodist
Metropolitan State University of Denver,MSU Denver
Miami University (Ohio),Miami (Ohio)
Michigan State University,Michigan State
Michigan Technological University,Michigan Tech
Middle Tennessee State University,Mid. Tenn. State
Middlebury College,Middlebury
Midwestern State University,Midwestern St.
Miles College,Miles
Millersville University of Pennsylvania,Millersville
Millikin University,Millikin
Millsaps College,Millsaps
Milwaukee School of Engineering,MSOE
Minnesota State University Moorhead,MSU-Moorhead
"Minnesota State University, Mankato",Minnesota State
Minot State University,Minot State
Misericordia University,Misericordia
Mississippi College,Mississippi College
Mississippi State University,Miss State
Mississippi University for Women,Miss. Univ. for Women
Mississippi Valley State University,Mississippi Valley
Missouri Southern State University,Missouri Southern
Missouri State University,Missouri State
Missouri University of Science and Technology,Missouri S&T
Missouri Western State University,Missouri Western
Mitchell College,Mitchell
Molloy University,Molloy
Monmouth College (Illinois),Monmouth (Ill.)
Monmouth University,Monmouth
Montana State University Billings,MSU-Billings
Montana State University-Bozeman,Montana State
Montclair State University,Montclair State
Moravian University,Moravian
Morehead State University,Morehead State
Morehouse College,Morehouse
Morgan State University,Morgan State
Mount Aloysius College,Mount Aloysius
Mount Holyoke College,Mount Holyoke
Mount Mary University,Mount Mary
Mount Saint Mary College (New York),Mount Saint Mary
Mount St. Joseph University,Mount St. Joseph
Mount St. Mary's University,Mount St. Mary's
Muhlenberg College,Muhlenberg
Murray State University,Murray State
Muskingum University,Muskingum
Nazareth College,Nazareth
Nebraska Wesleyan University,Nebraska Wesleyan
Neumann University,Neumann
New England College,New England College
New Jersey City University,New Jersey City
New Jersey Institute of Technology,NJIT
New Mexico Highlands University,New Mexico Highlands
New Mexico State University,New Mexico St.
New York University,NYU
Newberry College,Newberry
Newman University,Newman
Niagara University,Niagara
Nicholls State University,Nicholls State
Nichols College,Nichols
Norfolk State University,Norfolk State
North Carolina A&T State University,N. Carolina A&T
North Carolina Central University,N.C. Central
North Carolina State University,NC State
North Carolina Wesleyan College,North Carolina Wesleyan
North Central College,North Central (Ill.)
North Central University,North Central (Minn.)
North Dakota State University,North Dakota State
North Greenville University,North Greenville
North Park University,North Park
Northeastern State University,!NONE
Northeastern University,Northeastern
Northern Arizona University,Northern Arizona
Northern Illinois University,Northern Illinois
Northern Kentucky University,Northern Kentucky
Northern Michigan University,Northern Michigan
Northern State University,Northern State
Northern Vermont University-Johnson,NVU-Johnson
Northern Vermont University-Lyndon,NVU-Lyndon
Northland College,Northland
Northwest Missouri State University,NW Missouri
Northwest Nazarene University,Northwest Nazarene
Northwestern Oklahoma State University,Northwestern Oklahoma
Northwestern State University,Northwestern St.
Northwestern University,Northwestern
Northwood University,Northwood
Norwich University,Norwich
Notre Dame College (Ohio),Notre Dame (Ohio)
Notre Dame of Maryland University,Notre Dame (Md.)
Nova Southeastern University,Nova Southeastern
Oakland University,Oakland
Oberlin College,Oberlin
Occidental College,Occidental
Oglethorpe University,Oglethorpe
Ohio Dominican University,Ohio Dominican
Ohio Northern University,Ohio Northern
Ohio University,Ohio
Ohio Wesleyan University,Ohio Wesleyan
Oklahoma Baptist University,Oklahoma Baptist
Oklahoma Christian University,Oklahoma Christian
Oklahoma State University,Oklahoma State
Old Dominion University,Old Dominion University
Olivet College,Olivet
Oral Roberts University,Oral Roberts
Oregon State University,Oregon State
Otterbein University,Otterbein
Ouachita Baptist University,Ouachita Baptist
Pace University,Pace
Pacific Lutheran University,Pacific Lutheran
Pacific University (Oregon),Pacific (Ore.)
Palm Beach Atlantic University,Palm Beach Atlantic
Penn State Berks College,PSU-Berks
Penn State Harrisburg,PSU-Harrisburg
"Penn State University, Abington",PSU-Abington
"Penn State University, Altoona",PSU-Altoona
Pennsylvania College of Technology,Penn College
"Pennsylvania State Univ. Erie, the Behrend College",PSU-Behrend
Pennsylvania State University,Penn State
"Pennsylvania Western University, California",California (Pa.)
"Pennsylvania Western University, Clarion",Clarion
"Pennsylvania Western University, Edinboro",Edinboro
Pepperdine University,Pepperdine
Pfeiffer University,Pfeiffer
Piedmont University,Piedmont
Pittsburg State University,Pittsburg St.
Plattsburgh State University of New York,Plattsburgh St.
Plymouth State University,Plymouth State
Point Loma Nazarene University,Point Loma
Pomona-Pitzer Colleges,Pomona-Pitzer
Portland State University,Portland State
Post University,Post
Prairie View A&M University,Prairie View
Pratt Institute,Pratt Institute
Presbyterian College,Presbyterian
Princeton University,Princeton
Principia College,Principia
Providence College,Providence
"Purchase College, State University of New York",Purchase
Purdue University,Purdue
Purdue University Fort Wayne,Purdue Fort Wayne
Purdue University Northwest,Purdue Northwest
Queens College (New York),Queens (N.Y.)
Queens University of Charlotte,Queens (N.C.)
Quincy University,Quincy
Quinnipiac University,Quinnipiac
Radford University,Radford
Ramapo College,Ramapo
Randolph College,Randolph
Randolph-Macon College,!NONE
Regis College (Massachusetts),Regis (Mass.)
Regis University (Colorado),Regis (Colo.)
Rensselaer Polytechnic Institute,RPI
Rhode Island College,RIC
Rhodes College,Rhodes College
Rice University,Rice
Rider University,Rider
Ripon College,Ripon
Rivier University,Rivier
Roanoke College,Roanoke
Robert Morris University,Robert Morris
Roberts Wesleyan University,Roberts Wesleyan
Rochester Institute of Technology,RIT
Rockford University,Rockford
Rockhurst University,Rockhurst
Roger Williams University,Roger Williams
Rogers State University,Rogers State
Rollins College,Rollins
Rose-Hulman Institute of Technology,Rose-Hulman
Rosemont College,Rosemont
Rowan University,Rowan
Russell Sage College,Sage
"Rutgers, The State Univ. of New Jersey, Camden",Rutgers-Camden
"Rutgers, The State Univ. of New Jersey, Newark",Rutgers-Newark
"Rutgers, The State University of New Jersey, New Brunswick",Rutgers
Sacred Heart University,Sacred Heart
Saginaw Valley State University,Saginaw Valley
Saint Anselm College,St. Anselm
Saint Augustine's University,St. Augustine's
Saint Elizabeth University,St. Elizabeth
Saint Francis University (Pennsylvania),Saint Francis
Saint John's University (Minnesota),St. John's (Minn.)
Saint Joseph's College (Maine),St. Joseph's (Me.)
Saint Joseph's University,St. Joseph's (Pa.)
Saint Leo University,Saint Leo
Saint Louis University,Saint Louis
Saint Martin's University,Saint Martin's
Saint Mary's College (Indiana),St. Mary's (Ind.)
Saint Mary's College of California,St. Mary's (Cal.)
Saint Mary's University of Minnesota,Saint Mary's (Minn.)
Saint Michael's College,St. Michael's
Saint Peter's University,St. Peter's
Saint Vincent College,St. Vincent (Pa.)
Salem College (North Carolina),Salem (N.C.)
Salem State University,Salem State University
Salem University (West Virginia),Salem (WV)
Salisbury University,Salisbury
Salve Regina University,Salve Regina
Sam Houston State University,Sam Houston
Samford University,Samford
San Diego State University,San Diego St.
San Francisco State University,San Francisco St.
San Jose State University,San Jose St.
Santa Clara University,Santa Clara
Sarah Lawrence College,Sarah Lawrence
Savannah State University,Savannah State
Schreiner University,Schreiner
Seattle Pacific University,Seattle Pacific
Seattle University,Seattle U.
Seton Hall University,Seton Hall
Seton Hill University,Seton Hill
Shaw University,Shaw
Shenandoah University,Shenandoah
Shepherd University,Shepherd
Shippensburg University of Pennsylvania,Shippensburg
Shorter University,Shorter
Siena College,Siena
Simmons University,Simmons
Simon Fraser University,Simon Fraser
Simpson College,Simpson (Iowa)
Skidmore College,!NONE
Slippery Rock University of Pennsylvania,Slippery Rock
Smith College,Smith College
Sonoma State University,Sonoma St.
South Carolina State University,South Carolina St.
South Dakota School of Mines & Technology,South Dakota Mines
South Dakota State University,South Dakota St.
Southeast Missouri State University,SE Missouri
Southeastern Louisiana University,SE Louisiana
Southeastern Oklahoma State University,Southeastern Oklahoma
Southern Arkansas University,Southern Arkansas
Southern Connecticut State University,So. Conn. St.
Southern Illinois University Edwardsville,SIU Edwardsville
Southern Illinois University at Carbondale,Southern Illinois
Southern Methodist University,SMU
Southern Nazarene University,Southern Nazarene
Southern New Hampshire University,SNHU
"Southern University, Baton Rouge",Southern
Southern Utah University,Southern Utah
Southern Virginia University,Southern Virginia
Southern Wesleyan University,Southern Wesleyan
Southwest Baptist University,Southwest Baptist
Southwest Minnesota State University,SW Minnesota St.
Southwestern Oklahoma State University,Southwestern Oklahoma
Southwestern University (Texas),Southwestern (Tex.)
Spalding University,Spalding
Spring Hill College,Spring Hill
Springfield College,Springfield
St. Bonaventure University,St. Bonaventure
St. Catherine University,St. Catherine (Minn.)
St. Cloud State University,St. Cloud State
St. Edward's University,St. Edward's
St. Francis College Brooklyn,St. Francis (N.Y.)
St. John Fisher University,St. John Fisher
St. John's University (New York),St. John's
"St. Joseph's University, NY (Brooklyn)",St. Joseph's (Bklyn)
"St. Joseph's University, New York L.I.",St. Joseph's (L.I.)
St. Lawrence University,St. Lawrence
St. Mary's College of Maryland,St. Mary's (Md.)
St. Mary's University (Texas),!NONE
St. Norbert College,St. Norbert
St. Olaf College,St. Olaf
St. Thomas Aquinas College,St. Thomas Aquinas
Stanford University,Stanford
State University of New York Maritime College,SUNY Maritime
State University of New York Polytechnic Institute,SUNY Poly
State University of New York at Brockport,Brockport St.
State University of New York at Canton,SUNY Canton
State University of New York at Cobleskill,SUNY Cobleskill
State University of New York at Cortland,Cortland St.
State University of New York at Delhi,SUNY Delhi
State University of New York at Geneseo,SUNY Geneseo
State University of New York at Morrisville,Morrisville
State University of New York at New Paltz,New Paltz St.
State University of New York at Old Westbury,Old Westbury
State University of New York at Oneonta,Oneonta
State University of New York at Oswego,Oswego State
State University of New York at Potsdam,Potsdam St.
Stephen F. Austin State University,Stephen F. Austin
Stetson University,Stetson
Stevens Institute of Technology,Stevens
Stevenson University,Stevenson
Stockton University,Stockton
Stonehill College,Stonehill
Stony Brook University,Stony Brook
Suffolk University,Suffolk
Sul Ross State University,Sul Ross St.
Susquehanna University,Susquehanna
Swarthmore College,Swarthmore
Sweet Briar College,Sweet Briar
Syracuse University,Syracuse
Tarleton State University,Tarleton State
Temple University,Temple
Tennessee State University,Tennessee St.
Tennessee Technological University,Tennessee Tech
Texas A&M International University,Texas A&M-Int'l
"Texas A&M University, College Station",Texas A&M
Texas A&M University-Commerce,TAMU-Commerce
Texas A&M University-Corpus Christi,Texas A&M-CC
Texas A&M University-Kingsville,TAMU-Kingsville
Texas Christian University,TCU
Texas Lutheran University,Texas Lutheran
Texas Southern University,Texas Southern
Texas State University,Texas State
Texas Tech University,Texas Tech
Texas Woman's University,!NONE
The Citadel,Citadel
The City College of New York,CCNY
The College of New Jersey,TCNJ
The College of Saint Rose,Saint Rose
The College of St. Scholastica,St. Scholastica
The College of Wooster,Wooster
The Ohio State University,Ohio State
The State University of New York at Fredonia,Fredonia
The University of North Carolina at Charlotte,Charlotte
The University of North Carolina at Greensboro,UNC-Greensboro
The University of Southern Mississippi,Southern Miss.
The University of Texas Rio Grande Valley,UT-Rio Grande Valley
The University of Texas at Tyler,UT-Tyler
The University of Tulsa,Tulsa
The University of Virginia's College at Wise,UVA-Wise
Thiel College,Thiel
Thomas College,Thomas College
Thomas Jefferson University,Jefferson (Pa.)
Thomas More University,Thomas More
Tiffin University,Tiffin
Towson University,Towson
Transylvania University,Transylvania
Trevecca Nazarene University,Trevecca Nazarene
Trine University,Trine
Trinity College (Connecticut),Trinity (Conn.)
Trinity University (Texas),Trinity (Tex.)
Trinity Washington University,Trinity Washington
Troy University,Troy
Truman State University,Truman
Tufts University,Tufts
Tulane University,Tulane
Tusculum University,Tusculum
Tuskegee University,Tuskegee
U.S. Air Force Academy,Air Force
U.S. Coast Guard Academy,Coast Guard
U.S. Merchant Marine Academy,USMMA
U.S. Military Academy,Army West Point
U.S. Naval Academy,Navy
Union College (New York),Union (N.Y.)
Union University,Union (Tenn.)
University at Albany,Albany
"University at Buffalo, the State University of New York",Buffalo
University of Akron,Akron
University of Alabama,Alabama
University of Alabama at Birmingham,UAB
University of Alabama in Huntsville,Alabama-Huntsville
University of Alaska Anchorage,Alaska Anchorage
University of Alaska Fairbanks,Alaska Fairbanks
University of Arizona,Arizona
University of Arkansas at Little Rock,Little Rock
"University of Arkansas, Fayetteville",Arkansas
"University of Arkansas, Fort Smith",UA-Fort Smith
"University of Arkansas, Monticello",Arkansas-Monticello
"University of Arkansas, Pine Bluff",Arkansas-Pine Bluff
University of Bridgeport,Bridgeport
"University of California, Berkeley",California
"University of California, Davis",UC Davis
"University of California, Irvine",UC Irvine
"University of California, Los Angeles",UCLA
"University of California, Riverside",UC Riverside
"University of California, San Diego",UC San Diego
"University of California, Santa Barbara",UC Santa Barbara
"University of California, Santa Cruz",UC Santa Cruz
University of Central Arkansas,Central Arkansas
University of Central Florida,UCF
University of Central Missouri,Central Missouri
University of Central Oklahoma,Central Oklahoma
University of Charleston (West Virginia),Charleston (W.V.)
University of Chicago,U. of Chicago
University of Cincinnati,Cincinnati
"University of Colorado, Boulder",Colorado
"University of Colorado, Colorado Springs",UC-Colo. Spgs.
University of Connecticut,Connecticut
University of Dallas,Dallas
University of Dayton,Dayton
University of Delaware,Delaware
University of Denver,Denver
University of Detroit Mercy,Detroit Mercy
University of Dubuque,Dubuque
University of Evansville,Evansville
University of Findlay,Findlay
University of Florida,Florida
University of Georgia,Georgia
University of Hartford,Hartford
University of Hawaii at Hilo,Hawaii
"University of Hawaii, Manoa",Hawaii-Hilo
University of Houston,Houston
University of Idaho,Idaho
University of Illinois Chicago,Illinois-Chicago
University of Illinois Urbana-Champaign,Illinois
University of Illinois at Springfield,Illinois-Springfield
University of Indianapolis,Indianapolis
University of Iowa,Iowa
University of Kansas,Kansas
University of Kentucky,Kentucky
University of La Verne,La Verne
University of Louisiana Monroe,ULM
University of Louisiana at Lafayette,UL-Lafayette
University of Louisville,Louisville
University of Lynchburg,Lynchburg
University of Maine,Maine
University of Maine at Presque Isle,Maine-Presque Isle
"University of Maine, Farmington",Maine-Farmington
University of Mary,U-Mary
University of Mary Hardin-Baylor,UMHB
University of Mary Washington,Mary Washington
University of Maryland Eastern Shore,Maryland-Eastern Shore
"University of Maryland, Baltimore County",UMBC
"University of Maryland, College Park",Maryland
University of Massachusetts Boston,UMass Boston
University of Massachusetts Lowell,UMass Lowell
"University of Massachusetts, Amherst",UMass Amherst
"University of Massachusetts, Dartmouth",UMass Dartmouth
University of Memphis,Memphis
University of Miami (Florida),Miami (Fla.)
University of Michigan,Michigan
University of Minnesota Duluth,Minnesota-Duluth
"University of Minnesota, Crookston",Minnesota-Crookston
"University of Minnesota, Morris",Minnesota-Morris
"University of Minnesota, Twin Cities",Minnesota
University of Mississippi,Ole Miss
"University of Missouri, Columbia",Columbia (Mo.)
University of Missouri-Kansas City,Kansas City
University of Missouri-St. Louis,Missouri-St. Louis
University of Montana,Montana
University of Montevallo,Montevallo
University of Mount Olive,Mount Olive
University of Mount Union,Mount Union
University of Nebraska Omaha,Omaha
University of Nebraska at Kearney,Nebraska-Kearney
University of Nebraska-Lincoln,Nebraska
"University of Nevada, Las Vegas",UNLV
"University of Nevada, Reno",Nevada
University of New England,U. of New England
University of New Hampshire,New Hampshire
University of New Haven,New Haven
University of New Mexico,New Mexico
University of New Orleans,New Orleans
University of North Alabama,North Alabama
University of North Carolina Asheville,UNC-Asheville
University of North Carolina Wilmington,UNCW
University of North Carolina at Pembroke,UNC Pembroke
"University of North Carolina, Chapel Hill",North Carolina
University of North Dakota,North Dakota
University of North Florida,North Florida
University of North Georgia,North Georgia
University of North Texas,North Texas
University of Northern Colorado,Northern Colorado
University of Northern Iowa,Northern Iowa
University of Northwestern-St. Paul,Northwestern (Minn.)
University of Notre Dame,Notre Dame
University of Oklahoma,Oklahoma
University of Oregon,Oregon
University of Pennsylvania,Penn
University of Pittsburgh,Pittsburgh
"University of Pittsburgh, Bradford",Pitt.-Bradford
"University of Pittsburgh, Greensburg",Pitt.-Greensburg
"University of Pittsburgh, Johnstown",Pitt.-Johnstown
University of Portland,Portland
"University of Puerto Rico, Bayamon",P.R.-Bayamon
"University of Puerto Rico, Mayaguez",P.R.-Mayaguez
"University of Puerto Rico, Rio Piedras",P.R.-Rio Piedras
University of Puget Sound,Puget Sound
University of Redlands,Redlands
University of Rhode Island,Rhode Island
University of Richmond,Richmond
University of Rochester,Rochester
University of Saint Joseph (Connecticut),Saint Joseph (Conn.)
University of San Diego,San Diego
University of San Francisco,San Francisco
University of Scranton,Scranton
University of Sioux Falls,Sioux Falls
University of South Alabama,South Alabama
University of South Carolina Aiken,USC Aiken
University of South Carolina Beaufort,USC-Beaufort
University of South Carolina Upstate,USC Upstate
"University of South Carolina, Columbia",South Carolina
University of South Dakota,South Dakota
University of South Florida,South Florida
University of Southern California,USC
University of Southern Indiana,Southern Indiana
University of Southern Maine,Southern Maine
University of St. Thomas (Minnesota),St. Thomas (Minn.)
University of St. Thomas (Texas),St. Thomas (Tex.)
University of Tampa,Tampa
University of Tennessee at Chattanooga,Chattanooga
University of Tennessee at Martin,Tennessee-Martin
"University of Tennessee, Knoxville",Tennessee
University of Texas Permian Basin,UT-Permian Basin
University of Texas at Arlington,UT-Arlington
University of Texas at Austin,Texas
University of Texas at Dallas,UT-Dallas
University of Texas at El Paso,UTEP
University of Texas at San Antonio,UTSA
University of Toledo,Toledo
University of Utah,Utah
University of Valley Forge,Valley Forge
University of Vermont,Vermont
University of Virginia,Virginia
University of Washington,Washington
University of West Alabama,West Alabama
University of West Florida,West Florida
University of West Georgia,West Georgia
University of Wisconsin-Eau Claire,Wis.-Eau Claire
University of Wisconsin-Green Bay,Wis.-Green
University of Wisconsin-La Crosse,Wis.-La Crosse
University of Wisconsin-Madison,Wisconsin
University of Wisconsin-Milwaukee,Milwaukee
University of Wisconsin-Oshkosh,Wis.-Oshkosh
University of Wisconsin-Parkside,Wis.-Parkside
University of Wisconsin-Platteville,Wis.-Platteville
University of Wisconsin-River Falls,Wis.-River Falls
University of Wisconsin-Stevens Point,Wis.-Stevens Point
University of Wisconsin-Stout,Wis.-Stout
University of Wisconsin-Superior,Wis.-Superior
University of Wisconsin-Whitewater,Wis.-Whitewater
University of Wyoming,Wyoming
University of the District of Columbia,District of Columbia
University of the Incarnate Word,Incarnate Word
University of the Ozarks (Arkansas),Ozarks (Ark.)
University of the Pacific,!NONE
University of the South,U. of the South
Upper Iowa University,Upper Iowa
Ursinus College,Ursinus
Ursuline College,Ursuline (Ohio)
Utah State University,Utah State
Utah Tech University,Utah Tech
Utah Valley University,Utah Valley University
Utica University,Utica
Valdosta State University,Valdosta State
Valparaiso University,Valparaiso
Vanderbilt University,Vanderbilt
Vassar College,Vassar
Villanova University,Villanova
Virginia Commonwealth University,VCU
Virginia Military Institute,VMI
Virginia Polytechnic Institute and State University,Virginia Tech
Virginia State University,Virginia State
Virginia Union University,Virginia Union
Virginia Wesleyan University,Virginia Wesleyan
Wabash College,Wabash
Wagner College,Wagner
Wake Forest University,Wake Forest
Walsh University,Walsh
Warren Wilson College,Warren Wilson
Wartburg College,Wartburg
Washburn University,Washburn
Washington College (Maryland),!NONE
Washington State University,Washington St.
Washington University in St. Louis,Washington U.
Washington and Jefferson College,Washington & Jefferson
Washington and Lee University,Washington and Lee
Wayne State College (Nebraska),Wayne State (Neb.)
Wayne State University (Michigan),Wayne State (Mich.)
Waynesburg University,Waynesburg
Weber State University,Weber State
Webster University,Webster
Wellesley College,Wellesley
Wells College,Wells
Wentworth Institute of Technology,Wentworth
Wesleyan College (Georgia),Wesleyan
Wesleyan University (Connecticut),Wesleyan (Ga.)
West Chester University of Pennsylvania,West Chester
West Liberty University,West Liberty
West Texas A&M University,West Texas A&M
West Virginia State University,West Virginia St.
West Virginia University,West Virginia
West Virginia Wesleyan College,West Virginia Wesleyan
Western Carolina University,Western Carolina
Western Colorado University,Western Colorado
Western Connecticut State University,Western Conn. St
Western Illinois University,Western Illinois
Western Kentucky University,Western Kentucky
Western Michigan University,Western Michigan
Western New England University,Western NE
Western New Mexico University,Western New Mexico
Western Oregon University,Western Oregon
Western Washington University,Western Washington
Westfield State University,Westfield State
Westminster College (Missouri),Westminster (Mo.)
Westminster College (Pennsylvania),Westminster (Pa.)
Westminster College (Utah),Westminster (Utah)
Westmont College,Westmont
Wheaton College (Illinois),Wheaton (Ill.)
Wheaton College (Massachusetts),Wheaton (Mass.)
Wheeling University,Wheeling
Whitman College,Whitman
Whittier College,Whittier
Whitworth University,Whitworth
Wichita State University,Wichita State
Widener University,Widener
Wilkes University,Wilkes
Willamette University,Willamette
William & Mary,William and Mary
William Jewell College,William Jewell
William Paterson University of New Jersey,William Paterson
William Peace University,William Peace
Williams College,Williams
Wilmington College (Ohio),Wilmington (Del.)
Wilmington University (Delaware),Wilmington (Ohio)
Wilson College,!NONE
Wingate University,Wingate
Winona State University,Winona State
Winston-Salem State University,Winston-Salem St.
Winthrop University,Winthrop
Wisconsin Lutheran College,Wisconsin Lutheran
Wittenberg University,Wittenberg
Wofford College,Wofford
Worcester Polytechnic Institute,Worcester State
Worcester State University,WPI
Wright State University,Wright State
Xavier University,Xavier (Ohio)
Yale University,Yale
Yeshiva University,Yeshiva
York College (New York),York (N.Y.)
York College (Pennsylvania),York (Pa.)
Young Harris College,Young Harris
Youngstown State University,Youngstown St.